City,Total Filtered Reddit Posts,Total Filtered Reddit Comments,Total News Articles,Total News Paragraphs,Total X Tweets,Total X Geolocated Tweets
south bend,49,196,36,45,96,6
rockford,12,188,6,9,98,0
kalamazoo,88,1846,8,12,99,1
scranton,8,79,108,167,92,2
fayetteville,12,102,28,45,97,3
san francisco,579,14777,1181,1327,9168,23
portland,498,15301,322,403,5574,39
buffalo,44,589,176,355,685,1
baltimore,222,1215,142,178,464,7
el paso,11,154,28,40,99,1
Grand Total,1523,34447,2035,2581,16472,83
