filename,date,paragraph,matched_words
11_16_2021_buffalo_meeting_minutes.mp3.bd4d1653-159b-44d0-8bbc-506ebd846b06.Transcript.txt,11_16_2021,This is tomorrow at 6 p.m. At the delegate right. So I'm hoping that everyone who's watching will attend because this is a major development that will bring more affordable housing here to the city of Buffalo and we really would like everyone's input. We have been in communication with the developers and they seem to be very very excited and knowledgeable at the same time about what they're trying to do here.,affordable housing
11_29_2016_buffalo_meeting_minutes.mp3.cb677184-4571-4e9e-b947-585b40f243cc.Transcript.txt,11_29_2016,"Now, some would say that's a bad problem. I say it's a part of a growing city, but government still should look, I believe, at how and what tools do we have in order to either incentivize businesses  rent stabilization in some way, encourage it, continue. We know that the administration has been pushing affordable housing.",affordable housing
11_29_2016_buffalo_meeting_minutes.mp3.cb677184-4571-4e9e-b947-585b40f243cc.Transcript.txt,11_29_2016,um but we also want to make sure we have some professionals if you know of who might may really help us I in this task force and move for council member why thank you share wanna thank you for your leadership on this I think it's something that's very timely and very important matter fact I'm gonna be having a meeting with a group of folks  who worked with Joel regarding inclusionary zoning as well as affordable housing. I think that people want to see their elected officials doing something about their plight. And many of them are in situations that they can't help themselves.,affordable housing
11_29_2016_buffalo_meeting_minutes.mp3.cb677184-4571-4e9e-b947-585b40f243cc.Transcript.txt,11_29_2016,They should be able to benefit too. So I think this is a timely task force. I'm looking forward to working with the individuals that come with some new ideas to help balance this thing out because we do want developers to come and develop affordable housing and make sure that everyone benefits.,affordable housing
11_29_2016_buffalo_meeting_minutes.mp3.cb677184-4571-4e9e-b947-585b40f243cc.Transcript.txt,11_29_2016,"They all include workforce housing or affordable housing. And one of my greatest concerns has been all of the new development that was coming downtown, much of it was market rate. And so you would not have that inclusion and that diversity.",affordable housing
11_29_2016_buffalo_meeting_minutes.mp3.cb677184-4571-4e9e-b947-585b40f243cc.Transcript.txt,11_29_2016,There is money to be made. There is a niche with affordable housing. There's a niche with market rate.,affordable housing
11_26_2024_buffalo_meeting_minutes.mp3.753e132f-7ab1-43c3-bb73-3d917b3e94f0.Transcript.txt,11_26_2024,"We have a special presentation from Councilwoman Everhart. Good afternoon everyone. So this month, November, is National Homelessness and Hunger Awareness Month.",homelessness
11_26_2024_buffalo_meeting_minutes.mp3.753e132f-7ab1-43c3-bb73-3d917b3e94f0.Transcript.txt,11_26_2024,"And so I know quite a few people who work in this space. And so I wanted to make sure that we recognize the work that these organizations do in our community to keep people housed and off the street, um, A lot of people deal with homelessness on a lot of different levels, right? People get evicted, people lose their jobs, and we have safe havens in the community who make sure that them and their families are taken care of.",homelessness
11_26_2024_buffalo_meeting_minutes.mp3.753e132f-7ab1-43c3-bb73-3d917b3e94f0.Transcript.txt,11_26_2024,"So I'm going to read a little bit of this because she's deserving. Thank you. Whereas, Luann Firestone, an Executive Director of Family Promise of Western New York, has led the organization with profound dedication, ensuring that families facing homelessness in Buffalo stay united, supported, and empowered during times of crisis.",homelessness
11_26_2024_buffalo_meeting_minutes.mp3.753e132f-7ab1-43c3-bb73-3d917b3e94f0.Transcript.txt,11_26_2024,"Under Luann's compassionate leadership, Family Promise stands as one of the few shelters in Erie County that offers a safe and inclusive refuge for entire families, addressing the unique needs of each family member, especially the children who make up 75% of its guests. She has championed efforts to make... Family Promise, a fully ADA accessible facility that provides essential services to neurodivergent children, larger families, and those with specific dietary needs, creating a supportive and welcoming space for all. Now, therefore, the Common Council of the City of Buffalo proudly honors and celebrates Luann Firestone for her exceptional leadership at Family Promise of West New York, recognizing her inspiring impact on the community and her tireless dedication in observance of National Homeless Awareness Month.",homeless
11_26_2024_buffalo_meeting_minutes.mp3.753e132f-7ab1-43c3-bb73-3d917b3e94f0.Transcript.txt,11_26_2024,"So it's very working with the homeless population, with families experiencing homelessness is a lot each and every day. You know, but we do it with love and compassion, and we're there to serve the community. We're actually trying to build a second shelter because family homelessness is really escalating right now, and there's not enough space and shelter to house families.",homeless; homelessness
11_26_2024_buffalo_meeting_minutes.mp3.753e132f-7ab1-43c3-bb73-3d917b3e94f0.Transcript.txt,11_26_2024,"Whereas Compass House was founded in 1972 as a homeless shelter, today they operate an emergency shelter, a resource center, and a rapid rehousing program. Their mission is to provide runaway homeless and street youth with safe shelter and services in an environment that supports dignity, respect, and self-reliance. Lisa Freeman has been the Executive Director of Compass House since 2011, and this year marks Ms. Freeman's 36th year of service at the agency, having previously served as Compass House's Assistant Executive Director.",homeless
11_26_2024_buffalo_meeting_minutes.mp3.753e132f-7ab1-43c3-bb73-3d917b3e94f0.Transcript.txt,11_26_2024,"You're very welcome. I just want to thank the City of Buffalo in general. I mean, we've been in existence for 52 years, and I believe the City of Buffalo and all of you wonderful people here have always supported Compass House and all of our programs, and I just thank all of you for helping the runaway and homeless youth of Erie County.",homeless
09_15_2020_buffalo_meeting_minutes.mp3.81dbe770-9943-41b7-80a5-d867555d3983.Transcript.txt,09_15_2020,"Thank you Mr. Chair. and of course uh yvonne if it wasn't for yvonne a lot of people would not have affordable housing and it wouldn't be generated within our community um because yvonne works very hard with community groups so we're praying for her hearing another we continue to remember um  the men and women who may have given their life for the freedom of our country and others since our last meeting, and all of the names that have been called, we pause for a moment of silence. Thank you.",affordable housing
12_12_2023_buffalo_meeting_minutes.mp3.965ead0f-2440-4b37-a631-d33981c2b0b8.Transcript.txt,12_12_2023,"Family Promise of Western New York has demonstrated unwavering dedication to supporting families experiencing homelessness, which we know is a big problem in our city. I remember meeting with one of the foundations about the tremendous amount of homelessness we have. And someone said to me, well I don't see them under the bridges.",homelessness
12_12_2023_buffalo_meeting_minutes.mp3.965ead0f-2440-4b37-a631-d33981c2b0b8.Transcript.txt,12_12_2023,"because they did not understand that homelessness is not only about people under bridges, but those who have to move back home, those who are couch surfing, those who are in shelters, and your organization has been on the forefront. And this just briefly says in collaboration with partners, Family Promise of Western New York seeks to create a community that envelops, homeless children and their families in hope. That they are committed to a personal and family focused approach, recognizing the inherent dignity and worth of every single individual.",homeless; homelessness
12_12_2023_buffalo_meeting_minutes.mp3.965ead0f-2440-4b37-a631-d33981c2b0b8.Transcript.txt,12_12_2023,"Champions of the principles of self-determination, building trust, fostering a goal-oriented environment for families striving to overcome homelessness. And whereas through your organization's tireless efforts helps families find their way back home. providing essential support during challenging times.",homelessness
12_12_2023_buffalo_meeting_minutes.mp3.965ead0f-2440-4b37-a631-d33981c2b0b8.Transcript.txt,12_12_2023,"And therefore, be it resolved by all of the members of the Common Council, let it be proclaimed that the Buffalo Common Council hereby honors and celebrates family promise of Western New York for your commitment to building a compassionate community and supporting homeless children and their families with hope, personal focus, self-determination, and goal-oriented initiatives. Thank you for what you do and all of your staff does for all of us in the city of Buffalo. My gosh, wow.",homeless
12_12_2023_buffalo_meeting_minutes.mp3.965ead0f-2440-4b37-a631-d33981c2b0b8.Transcript.txt,12_12_2023,"And you go to work and you put your head down and you sweat and you bleed and you cry and you just try to get families home again. Family homelessness is about 35% of homelessness all over the place. And right now we don't have enough shelters and so your support, your recognition is so important for us to be able to continue the work that we do and to get the message across.",homelessness
11_14_2023_buffalo_meeting_minutes.mp3.71b9acdc-52f6-439e-b072-6e39edf04330.Transcript.txt,11_14_2023,"Miscellaneous item number 66, affordable housing task force November 2023 report. Motion to send to legislation. Senate legislation seconded by Council Member Wingo.",affordable housing
11_14_2023_buffalo_meeting_minutes.mp3.71b9acdc-52f6-439e-b072-6e39edf04330.Transcript.txt,11_14_2023,"On this item, and just so the public knows, this is a rather detailed, well at least the first report of the affordable housing task force. If you haven't had a chance to look at it, it is full of ideas to help with affordable housing and to help with the rising costs legislatively, which is very important. This committee that is made up of community members, made up of activists, made up of residents, is working very hard.",affordable housing
11_14_2023_buffalo_meeting_minutes.mp3.71b9acdc-52f6-439e-b072-6e39edf04330.Transcript.txt,11_14_2023,"That way some things that corporation council needs to look at, other things our state legislature might need to look at, can stay on the table as long as you all who will be. at least still here, will be able to look at and take down the road. We have heard from our residents for a decade, at least a decade, about the problem with affordable housing.",affordable housing
11_14_2023_buffalo_meeting_minutes.mp3.71b9acdc-52f6-439e-b072-6e39edf04330.Transcript.txt,11_14_2023,"And I want to thank this council for supporting the Affordable Housing Task Force. We'll hear the complaints, but we probably won't hear all of the, at least something, something is being done more than talk. but real legislation.",affordable housing
11_14_2023_buffalo_meeting_minutes.mp3.71b9acdc-52f6-439e-b072-6e39edf04330.Transcript.txt,11_14_2023,"I got a chance to look through it, and exactly what you said is great recommendations. And some of the things that we have said as council members as far as increasing fees and fines using the rental registry great recommendation so again i commend that committee what they brought forth and look forward to working with the task force and making those things a reality because some of it is common sense and it's it is great that some independent folks brought it forth people who are from the community in hopes that we can get this done because we know that affordable housing is a challenge good affordable housing is a challenge",affordable housing
11_01_2016_buffalo_meeting_minutes.mp3.588deb25-7626-4abc-a768-6ddd3139b314.Transcript.txt,11_01_2016,"And the more I think about this, how important this is to have inclusionary zoning where when you're building residents, residential units to make sure that people can afford, at least a portion of them should be some affordable housing. Because I think what we're doing, what we hear right now is in certain areas you have subsidized housing and you have a lot of that. You know, we do a lot of ribbon cutting for housing that is for low income in certain areas.",affordable housing
10_15_2024_buffalo_meeting_minutes.mp3.ab02f889-7eba-418f-a979-9792fe6cf4af.Transcript.txt,10_15_2024,"where he led major projects that improve city parks, playgrounds, and public spaces. In his role as project manager for the Mayor's Office of Strategic Planning, Mr. Guzman oversaw transformative housing projects such as Sycamore Village Subdivision, and the Fruitbelt Homeownership Project, and the Fruitbelt Homeownership Project, creating affordable housing and revitalizing Buffalo communities. His current role is Deputy Commissioner of Department of Public Works.",affordable housing
10_15_2024_buffalo_meeting_minutes.mp3.ab02f889-7eba-418f-a979-9792fe6cf4af.Transcript.txt,10_15_2024,"Miscellaneous, item number 55, affordable housing task force, October 2024 recommendations. Motion to send this community development. Seconded by Council Member Rivera.",affordable housing
10_31_2017_buffalo_meeting_minutes.mp3.3def783b-c6db-47e4-84f9-690f742494fb.Transcript.txt,10_31_2017,"Item 33, request to speak affordable housing editorial. Motion to send the legislation, items 33 and 34. Second by Council Member Wingo.",affordable housing
10_02_2018_buffalo_meeting_minutes.mp3.f04ded76-aef8-460a-a130-9e6905c701cd.Transcript.txt,10_02_2018,"Item 13 no supplements temporary provisional permanent receiving five Take my counselor Fontana Finance Committee item 14 letter from PBA president Evans I 14 and 15 if there's no objections at this point now motion to refer to the police oversight committee It's like my council members gather me development committee item 16 reporter sale for our Wade Adams motion to approve item 16 and 17 second by council member friends at and on this item item 17 marks a The second land trust in the City of Buffalo, the first one was actually, well the ones that we know of, was in the Fillmore District under Councilmember Franczak. But for the Fruitbelt, this is significant in that an area that is experiencing gentrification will now have, see the first land trust in our known history where there will be affordable housing there.",affordable housing
10_02_2018_buffalo_meeting_minutes.mp3.f04ded76-aef8-460a-a130-9e6905c701cd.Transcript.txt,10_02_2018,"I 100% am in for not only these lots, but hopefully when this land trust gets rolling, There will be more lots in an area so that you can have market rate housing and affordable housing and work class housing and doctors walk into the medical campus. Also with the custodian maybe living next door, children going to school together. This is what we talk about when we talk about One Buffalo.",affordable housing
10_17_2023_buffalo_meeting_minutes.mp3.3f3cfe32-7dae-4d4f-9baf-227d66557e69.Transcript.txt,10_17_2023,"For the following condition following the completion of all phases of development There shall be no fewer than 616 units of affordable housing on the site currently known as 90 and 100 Erie Street. I Thank you, sir. For the record.",affordable housing
11_14_2016_buffalo_meeting_minutes.mp3.46e68250-6c19-4b51-a7f2-5a0fb2000327.Transcript.txt,11_14_2016,"Go ahead, sit down. My name is Harry Stinson, and I'm here as a developer currently working on the Buffalo Central Terminal. I support the need for affordable housing, and I understand the need for affordable housing, particularly in the east side.",affordable housing
11_14_2016_buffalo_meeting_minutes.mp3.46e68250-6c19-4b51-a7f2-5a0fb2000327.Transcript.txt,11_14_2016,"We just have a suggestion because for the affordable housing to actually be built, it also needs to be affordable on the builder's side as well. All I'm going to suggest is that, and we've brought examples here, by the way, of affordable housing that is family-oriented with multiple bedrooms that we can build that would actually fall below the standards that have been suggested in terms of square footage, minimum lot size, depth, et cetera. So all we're suggesting is to set aside the mathematical limitations  interpretation of what affordable housing is from a proportion and allow it to be built, allow the developers and the builders to create it.",affordable housing
11_14_2016_buffalo_meeting_minutes.mp3.46e68250-6c19-4b51-a7f2-5a0fb2000327.Transcript.txt,11_14_2016,"at Elmwood and Delavan simply because it reminds us of the type of character and of the mixture of the neighborhood that we are. There is a lot of affordable housing in the Elmwood Village and a lot of it could be torn down if the present plans that we see that have been proposed by both Ciminelli and Chasen, they want to tear down affordable housing. We support affordable housing.",affordable housing
11_14_2016_buffalo_meeting_minutes.mp3.46e68250-6c19-4b51-a7f2-5a0fb2000327.Transcript.txt,11_14_2016,"The Elmwood Village Group supports affordable housing. We think there should be a separate ordinance passed by this good body that defines what affordable housing is throughout the city, including the Elmwood Village. We would ask though that that be a separate issue, maybe a resolution passed by the council saying within six to eight months we will have inclusionary, we will determine what affordable housing is and how it should be done.",affordable housing
11_14_2016_buffalo_meeting_minutes.mp3.46e68250-6c19-4b51-a7f2-5a0fb2000327.Transcript.txt,11_14_2016,There's talks about providing affordable housing and prevention of demolition. The thing about a zoning code is that it can't be a brush to fix all issues. I urge that the council adopts  plan that speaks to the heart of what it was envisioned.,affordable housing
11_14_2016_buffalo_meeting_minutes.mp3.46e68250-6c19-4b51-a7f2-5a0fb2000327.Transcript.txt,11_14_2016,"My name is Jennifer Kaminsky. I'm the Director of Planning and Community Development at Push Buffalo. We are, among many other things, an affordable housing developer.",affordable housing
11_14_2016_buffalo_meeting_minutes.mp3.46e68250-6c19-4b51-a7f2-5a0fb2000327.Transcript.txt,11_14_2016,"So we see every day the crisis of affordable housing in this city. Our waiting list for the affordable apartments we develop at this point is close to 400 households. And every day people are coming in, filling out applications, wondering what their status is, and telling stories about their being displaced from their neighborhoods.",affordable housing
11_14_2016_buffalo_meeting_minutes.mp3.46e68250-6c19-4b51-a7f2-5a0fb2000327.Transcript.txt,11_14_2016,"So we strongly support inclusionary zoning within the Green Code, and we hope that the final version of the Green Code includes an inclusionary zoning provision. Just to give you an example, the median income of a renter in Buffalo is around $22,000. So if you use the standard affordable housing definition of paying no more than 30% of your income in rent, that's a rent of around $600.",affordable housing
11_14_2016_buffalo_meeting_minutes.mp3.46e68250-6c19-4b51-a7f2-5a0fb2000327.Transcript.txt,11_14_2016,"The new development that we're seeing across Buffalo, and we're in support of new development, but much of that new development is luxury housing with rents of $1,200, $1,800, $2,500. That is not affordable to the vast majority of this city, and in addition, that new development  leads to increases of rents and home prices in the surrounding area, again, furthering displacement and lack of affordable housing in this city. So inclusionary zoning directly goes to mitigating the impact of new development, and we hope it is included in the Green Code so that the new Buffalo is an equitable city and provides opportunities for all of us who live here.",affordable housing
11_14_2016_buffalo_meeting_minutes.mp3.46e68250-6c19-4b51-a7f2-5a0fb2000327.Transcript.txt,11_14_2016,I also support inclusionary zoning. I think we need to be creative in order to ensure that there's affordable housing in our city. I don't think this is appropriate probably for the Green Code.,affordable housing
11_14_2016_buffalo_meeting_minutes.mp3.46e68250-6c19-4b51-a7f2-5a0fb2000327.Transcript.txt,11_14_2016,"Secondly, affordable housing. I think Buffalo has a chance, and I don't know how this relates to the Green Code, but to get away from a city in which people, because they don't have enough money, are constantly pushed from one area to another, you know, into Buffalo because people are moving out of Buffalo into Chihuahua and then back into the suburbs because now people are moving into Buffalo. We need to get away from that.",affordable housing
11_14_2016_buffalo_meeting_minutes.mp3.46e68250-6c19-4b51-a7f2-5a0fb2000327.Transcript.txt,11_14_2016,"What are we going to do about making more affordable housing? She was crying literally that she had nowhere to go with five kids. We need to step up and actually build more affordable housing, inclusionary zoning, so that people can actually have a place to live that is actually nice.",affordable housing
11_14_2016_buffalo_meeting_minutes.mp3.46e68250-6c19-4b51-a7f2-5a0fb2000327.Transcript.txt,11_14_2016,PUSH can't create the amount of affordable housing that we need. We actually are trying with School 77 doing solar panels and trying to invest into our city. But this should be happening throughout the whole entire city.,affordable housing
11_14_2016_buffalo_meeting_minutes.mp3.46e68250-6c19-4b51-a7f2-5a0fb2000327.Transcript.txt,11_14_2016,"And there needs to be more affordable housing. That 30% should be mandatory if anybody develops. Andrew Graham, Paul McDonald.",affordable housing
11_14_2016_buffalo_meeting_minutes.mp3.46e68250-6c19-4b51-a7f2-5a0fb2000327.Transcript.txt,11_14_2016,"I think our city government has a great opportunity to make a very progressive move in adding inclusionary zoning to the green code. What it will do is secure affordable housing for the people who live in this city. I want to give a shout out to my council person, Darius Pridgen, who has taken the information that we've provided  and has seriously considered how this could benefit our community.",affordable housing
11_14_2016_buffalo_meeting_minutes.mp3.46e68250-6c19-4b51-a7f2-5a0fb2000327.Transcript.txt,11_14_2016,"It's green only in the sense that it addresses density and walkability, but even there, state-funded, developer-driven density without affordable housing is the exact same thing as the builder and car-centric driven density. suburban development that our planners demonized today. So what's the difference?",affordable housing
11_14_2016_buffalo_meeting_minutes.mp3.46e68250-6c19-4b51-a7f2-5a0fb2000327.Transcript.txt,11_14_2016,"But since we are not LA or Boston or San Francisco, we don't have to think about or worry about that yet. Further, when asked if he could name a fair price for affordable housing in the city, he didn't have an answer. Secondly, I'd like to, in a meeting in Allentown, Chris Holley made a statement that during the 1950s we saw some of the most vibrant communities in American history.",affordable housing
11_14_2016_buffalo_meeting_minutes.mp3.46e68250-6c19-4b51-a7f2-5a0fb2000327.Transcript.txt,11_14_2016,"And also, are they building these developments that would include affordable housing? Okay, that's another thing that we got to look at and we're saying in the community should be about 30% of The residents there should be low income residents. Okay.",affordable housing
11_14_2016_buffalo_meeting_minutes.mp3.46e68250-6c19-4b51-a7f2-5a0fb2000327.Transcript.txt,11_14_2016,"First of all, I have worked for HUD. I was a fellow for the New York State Association for Affordable Housing, and I have a startup whose application to the IRS is pending in order to provide affordable housing. I'd just like to make one thing clear.",affordable housing
10_31_2023_buffalo_meeting_minutes.mp3.8013ab79-3319-41d6-9146-c68195fa9996.Transcript.txt,10_31_2023,So what we have here and and the question that was asked to me at a community meeting was this is a residential neighborhood Where are the residents? so we know that through the Department of permits and inspections who has an application to go through all the listings on Airbnb and then a Go back to their records to see which ones are verified and which ones are registered with the city There are potentially almost two thousand unregistered Non owner occupied rentals in my district and so anybody on this Common Council that fights for affordable housing,affordable housing
12_12_2019_buffalo_meeting_minutes.mp3.ade83881-cde4-4fba-82f6-45e4041c8ba4.Transcript.txt,12_12_2019,These changes from the original application include and I want to read this because I want people to know exactly what some of the benefits are that we have not mentioned up to this point. One prohibiting front yard parking. Greater setback protections for neighborhood properties to ensure that any new buildings are not towering over adjacent neighbors Most importantly the revised PUD includes standards for affordable housing and green space Thankfully the current developer has agreed to providing affordable housing and green space but by including this standards in the PUD This ensures that those standards are written into law and will need to be complied with regardless of who owns the property.,affordable housing
12_12_2019_buffalo_meeting_minutes.mp3.ade83881-cde4-4fba-82f6-45e4041c8ba4.Transcript.txt,12_12_2019,"Because this project will be going to New York State affordable housing tax credits, they must receive all city approvals before Friday, before tomorrow, when their application is due to the state. That is why we need to call a special session today to reconsider this item immediately. And people would ask, well, why are you doing it immediately?",affordable housing
12_12_2019_buffalo_meeting_minutes.mp3.ade83881-cde4-4fba-82f6-45e4041c8ba4.Transcript.txt,12_12_2019,"Thank you, sir Just one question you talked about the affordable housing it will regardless of who with this move regardless of who owns it that that stays that's that's correct regardless of who owns the property we put it into the law that it will remain the same with green space we want to make sure that this green space is permanent that another developer comes and says we're going to build on the green space they can't do it we included those safeguards because the community wanted it and that's why we have the amendments all right thank you very much motion to adjourn second by councilman fronten yeah we approved as amended",affordable housing
12_26_2023_buffalo_meeting_minutes.mp3.d7b7b88b-d05b-49ab-937f-8d64676fa826.Transcript.txt,12_26_2023,"It's your ability to influence others to take action. He has demonstrated compassion for his community, for those that are least fortunate. He has fought for affordable housing.",affordable housing
11_03_2021_buffalo_meeting_minutes.mp3.752e1b87-f922-4d8e-b1ac-5cc577206a15.Transcript.txt,11_03_2021,"And people who needed affordable housing, I know I'm a Perry boy, so I'm a little in a different spot. When they begged for that place to be redone, and now it's like, let's find the money to put a stadium there. Not saying I'm for it or against it, it is Councilmember Nowakowski's district, and I would yield to however he felt with still wearing my Perry hat.",affordable housing
11_03_2021_buffalo_meeting_minutes.mp3.752e1b87-f922-4d8e-b1ac-5cc577206a15.Transcript.txt,11_03_2021,Or else people who need affordable housing in that area that's there will be just put out. councilman milkovsky yeah,affordable housing
11_26_2019_buffalo_meeting_minutes.mp3.6a5ca8f5-65e8-4b75-8b23-ee06a24d00ce.Transcript.txt,11_26_2019,"And the thinking is what are we gonna do with this large building, just sit and deteriorate? But with the Matt Urban Center and partnership with a number of other developments, Crossroads Group, got together and decided there's going to be over 76 apartments in there. There's 20 apartments for the homeless.",homeless
12_12_2017_buffalo_meeting_minutes.mp3.f455ea0b-007c-4b21-ad27-5eed2027aedc.Transcript.txt,12_12_2017,"Next item, anybody else? Next item. Item number 45, affordable housing strategies for the city of Buffalo.",affordable housing
12_13_2016_buffalo_meeting_minutes.mp3.628e6a16-f0bc-4ab6-bec3-9636bebb4aa0.Transcript.txt,12_13_2016,"And thank you, Mr. Chair. I want to just speak on this just briefly because I think that, you know, we're having some issues and we're talking about inclusionary zoning and affordable housing, and we just happen to be doing some research, you and I, and some other folks regarding this purpose-built community. And I think, you know, when we talk about changing our neighborhood, some of us think that it's just a building.",affordable housing
12_13_2016_buffalo_meeting_minutes.mp3.628e6a16-f0bc-4ab6-bec3-9636bebb4aa0.Transcript.txt,12_13_2016,"And we're going to continue to do the research and we're talking about the task force, the affordable rents task force and affordable housing task force. Those things, I think, once we really get into that process,  Really, we're trying to turn Buffalo around in which we do things on purpose and not by accident. Thank you, Mr. Chair.",affordable housing
01_16_2018_buffalo_meeting_minutes.mp3.4fbbcbec-f93c-406a-b738-fa414878612c.Transcript.txt,01_16_2018,"Just Resisting is a black and people of color community organization that â€“ is composed of you folks from the community also art um artistically inclined people that are trying to incorporate the social justice movement what we are here to ask for is for the one percent participatory for participatory budget um of our city's 500 million budget we already know that about 28 percent has been going to the police and if Over the past several years that is about an inch for every dollar that the city budget has gotten The police budget has increased by two that that is unacceptable and this past year to up to Unarmed men have been killed by police instead of and it's not right instead of finding these killer instead of funding these killer cops and We are calling for the money to be used for actual needs of the community, such as creating shelters for the LGBTQ homeless youth, renovating community centers and making them Wi-Fi accessible hubs for the community, creating more community cooperatives, such as urban firing, community food cooperatives for food deserts that exist on the east and west side, an arts and culture cooperative, and child care collective. I'm going to touch base with... She touched it.",homeless
01_16_2018_buffalo_meeting_minutes.mp3.4fbbcbec-f93c-406a-b738-fa414878612c.Transcript.txt,01_16_2018,"I'm going to touch base with them very quickly. As far as the housing for homeless youth, here in Buffalo we have a large population of runaway teenagers. I don't have to go too deep into that, we know.",homeless
01_16_2018_buffalo_meeting_minutes.mp3.4fbbcbec-f93c-406a-b738-fa414878612c.Transcript.txt,01_16_2018,12 families could be housed there. affordable housing on the east side. They build up the canal side and they're all happy about it,affordable housing
01_16_2018_buffalo_meeting_minutes.mp3.4fbbcbec-f93c-406a-b738-fa414878612c.Transcript.txt,01_16_2018,"This is something that has obviously worked in a lot of other cities, something that we're working on now, and we hope to see more of those across the city, but it does come with extensive resource needs, right? And in most cities, it's only worked when the city provides something in the form of land, in the form of funds, things like that. And so to oversee these initiatives and others that would, you know, increase sustainability within the city itself and also to expand affordable housing opportunities, we would ask that this cabinet-level position is created.",affordable housing
01_10_2023_buffalo_meeting_minutes.mp3.097b4897-898f-47e2-a54e-215b4ad79aa1.Transcript.txt,01_10_2023,"But it seems again, it seems you're fixated on the city taking your property and giving it to someone else. I hope that's not the case, but I hope there's someone responsible that's going to do something with that property.  to continue to enhance the Cobblestone District, enhance downtown, because that's what this is about. How do we continue to develop the downtown area for housing development, even affordable housing?",affordable housing
03_21_2023_buffalo_meeting_minutes.mp3.92caa9a3-1aae-4130-b10a-e29e867bc16e.Transcript.txt,03_21_2023,"Lord Street, followed him, born on beggar's night. What better place could I be than the East Side of Buffalo? When Mitch became council member, he became the official God Squad member at Response to Love Center.",beggar
03_17_2020_buffalo_meeting_minutes.mp3.07641d44-e850-4d3a-a452-3b53115a1c55.Transcript.txt,03_17_2020,"In addition, a novel aspect that has been included, that there was a commitment by the developer  to have 20% of the rental units affordable to individuals earning no more than 80% of the area median income we have created both an enforcement and a monitoring mechanism in this agreement which has us monitoring those units that are not paid for through traditional means of affordable housing finance so if there is a privately financed unit that is a  Uh, um, uh, uh, uh,  that unit does not have the standard requirements of monitoring that comes with federal and state funds, the City of Buffalo will be able to monitor that unit and there will also be penalties associated with that if they do not meet that. So that is novel that is in this.",affordable housing
03_17_2020_buffalo_meeting_minutes.mp3.07641d44-e850-4d3a-a452-3b53115a1c55.Transcript.txt,03_17_2020,brendan mahaffey is correct we've had numerous community meetings and we do have an mou we do have a pud which i supported i supported the zoning map amendments i support the townhouses the affordable housing components mwbe but one thing i did do is i committed to the residents that along the way as this process moved forward i would keep them engaged i certainly support it i understand uh  that city wants to sell off its assets and it's being underutilized. And I agree with you.,affordable housing
03_05_2019_buffalo_meeting_minutes.mp3.a5ce2f9b-7bca-428f-a352-f487aebe1cd5.Transcript.txt,03_05_2019,"And also, you know, the perfect... cannot be the enemy of the good because we could demand deeper considerations for affordable housing there. For example, this building was assessed for about 4.4 million in change, and we sold for 3 million, but it's a cash deal. But as Mr. Rivera pointed out in our meeting, the 485A program is we've opted into it.",affordable housing
03_05_2019_buffalo_meeting_minutes.mp3.a5ce2f9b-7bca-428f-a352-f487aebe1cd5.Transcript.txt,03_05_2019,"So we see how there's been great appreciation here in the city of Buffalo. But nevertheless, according to federal stats, that lower rent is for a family of four would be 80% of the area median income for affordable housing. But if somebody came to us with just a straight subsidy deal, then it would be a lot deeper.",affordable housing
03_05_2019_buffalo_meeting_minutes.mp3.a5ce2f9b-7bca-428f-a352-f487aebe1cd5.Transcript.txt,03_05_2019,Councilman Riviere Thank you very much. Mr. President. I want to commend council member forensic for Initiating this and this is something that this common council not only in this particular project has looked to include Affordable housing but in different projects throughout the whole city of Buffalo and it was interesting yesterday in caucus while Brenda Mahaffey was there we were talking about a straightforward cash deal with where the developer saw the ability to include affordable housing without layers and layers and layers of incentives and inducements.,affordable housing
03_05_2019_buffalo_meeting_minutes.mp3.a5ce2f9b-7bca-428f-a352-f487aebe1cd5.Transcript.txt,03_05_2019,"And I can tell you right now, I would be one, a yes vote all day to have diverse downtown and I'm talking about that as far as an income and in other ways I think we have to be ashamed to say that and this is one way to do it and thank you for the resolution but I also thank the developer for having the foresight and digging in there finding out how to do it how to make it work and not just him I've said it before you know over in the Miller the site I developer came and said, you know what, we've been hearing you guys beat this drum about affordable housing and mixing in some affordable housing, and we're going to do it. Now, they also, I believe, are coming for some 45A and other things.",affordable housing
01_23_2024_buffalo_meeting_minutes.mp3.e08fd88d-0783-4c26-93f0-eab090a288a9.Transcript.txt,01_23_2024,"Item number 41, addition of members to the Affordable Housing Task Force. Motion to adopt. Seconded by Councilmember Glumbeck.",affordable housing
02_07_2023_buffalo_meeting_minutes.mp3.f3bb45a7-ff30-4e5e-a664-f6e07f037c80.Transcript.txt,02_07_2023,"so I think that this council would be in support of that. I Alrighty, thank you, sir. Item number 42 trailblazing sign for Darryl Saxon second by councilmember Noah Kowski item number 43 appointment of members to the city of Buffalo affordable housing task force Mr. Chairman motion is to approve as well motion is to approve and we do have the list Before us and thank you to all the council members who gave input of people to be on it as very balanced list that I In the past, when we tried to do this, we didn't have as many people who applied.",affordable housing
03_02_2021_buffalo_meeting_minutes.mp3.f3419867-dac2-4b80-a40c-c660a7eebd68.Transcript.txt,03_02_2021,There will be a community Zoom meeting regarding...  Compass Houses project to put a youth homeless shelter in the community who was not informed of this. And they're outraged by this. And I'm outraged by it.,homeless
02_06_2024_buffalo_meeting_minutes.mp3.3c6646bf-7aa2-4c88-b098-817b85195ae2.Transcript.txt,02_06_2024,"Our goal, and one of the things you'll hear me talk about a lot over the next year or two, we're going to try to do four things in this city. One, within our community, if we can bring every child up to grade level in their reading and their mathematics, If we can make sure that every home is up to code and that people are living in safe, quality, affordable housing. And if we can make sure that every person who is working or does not have a job is working at their highest capacity so they can earn as much money as they can.",affordable housing
02_06_2024_buffalo_meeting_minutes.mp3.3c6646bf-7aa2-4c88-b098-817b85195ae2.Transcript.txt,02_06_2024,"Motion to adopt resolvance and the remainder to community development. Seconded by Council Member Rivera. Item number 51, progress update on inclusionary zoning ordinance for affordable housing.",affordable housing
02_06_2018_buffalo_meeting_minutes.mp3.b6659687-5742-463c-a27b-96768560560a.Transcript.txt,02_06_2018,"I think it's unfortunate. And when I met with some of the representatives here today, folks from Linwood said to me, we are not against... affordable housing. So I want to be very plain before people went out and say they're obstructionists.",affordable housing
02_06_2018_buffalo_meeting_minutes.mp3.b6659687-5742-463c-a27b-96768560560a.Transcript.txt,02_06_2018,"But at the end of the day, what's right is right and what's wrong is wrong. So affordable housing, this is not even about whether it's affordable housing. This is about what was before this council were two items, and they went back and they changed it.",affordable housing
01_05_2021_buffalo_meeting_minutes.mp3.0a3aedf4-c536-42e3-9e83-7271aa54deb0.Transcript.txt,01_05_2021,that's the president pridgin yes council member rivera yes council member scanlon yes council member wingo yes that's my wife yes and what is item before you call the next item i just want to state for the record that the designated developer agreement for 160 162 164 best and 1145 michigan because that is obviously city land and the developer is interested in putting housing we have been in  conversation with them about some affordable housing there because this is they do have a market rate project the developer has been very very open to adding a percentage of affordable housing to this program,affordable housing
01_05_2021_buffalo_meeting_minutes.mp3.0a3aedf4-c536-42e3-9e83-7271aa54deb0.Transcript.txt,01_05_2021,"so I just want to thank my colleagues for continuing to have this conversation that when we are going to sell city land and there's going to be a housing project how important in these neighborhoods that have  that are seeing gentrification, that some people are still able to stay. Right now it's an empty lot, nobody's able to live there. But there will be possibly approximately 30 units and the developer is working on at least 10% of those units being affordable housing.",affordable housing
02_19_2019_buffalo_meeting_minutes.mp3.26fed74c-27c5-42cf-a937-00d85446e642.Transcript.txt,02_19_2019,"It's gratifying to see how quickly this property was found much interest Mr. Jamal has Put in an offer that's been brought before us the gentleman that's doing the Seneca Tower So it looks like he's putting together a good mix of uses for that building I think it's also important that he pointed out that that 10% of what he wants to carve out will be for affordable housing I heard you on the radio this morning. Mr. President and saying that, which was reflecting the resolution that we had adopted here as a body, saying that's a very important component.",affordable housing
02_19_2019_buffalo_meeting_minutes.mp3.26fed74c-27c5-42cf-a937-00d85446e642.Transcript.txt,02_19_2019,Miller Fillmore Gates is putting in an affordable housing component. um and that's important and it is not even mandated,affordable housing
02_19_2019_buffalo_meeting_minutes.mp3.26fed74c-27c5-42cf-a937-00d85446e642.Transcript.txt,02_19_2019,"yeah, I agree, we just have to stay on until we get moving some direction legislatively, and that's being worked on. Right now we just met with Dottie Gallagher, Gallagher and others in the partnership to talk about how we target areas to be able to make sure we get affordable housing in the Buffalo is not just market rate next item",affordable housing
02_19_2019_buffalo_meeting_minutes.mp3.26fed74c-27c5-42cf-a937-00d85446e642.Transcript.txt,02_19_2019,"I can't live anymore because I can't afford to rent there any longer. My heart goes out to those people and I'm here to speak up on their behalf. So I want to commend the mayor, the administration, especially Councilmember Franczak who brought up this issue on making that particular development affordable housing.",affordable housing
03_07_2017_buffalo_meeting_minutes.mp3.b5cbac8d-a907-4f89-9a97-d608bec035f7.Transcript.txt,03_07_2017,"Item 16, right to fair and affordable housing. Motion to send to the legislature. I'm sorry.",affordable housing
03_22_2022_buffalo_meeting_minutes.mp3.980dc615-4e05-4cd7-8f39-afa42077b35f.Transcript.txt,03_22_2022,"Send these, the homeless, tempest-lost to me. I lift my lamp beside the golden door. Our Father, we thank you that this city is called a city of good neighbors.",homeless
03_22_2022_buffalo_meeting_minutes.mp3.980dc615-4e05-4cd7-8f39-afa42077b35f.Transcript.txt,03_22_2022,"And a lot of people don't know all the affordable housing going on in the city of Buffalo. It only happens by all of that staff up there and by Yvonne, if Yvonne says no, it's hard to get it done. So she makes some hefty decisions and has done a great job in really assisting people, but getting them into houses that are affordable seems to be her heart.",affordable housing
01_09_2018_buffalo_meeting_minutes.mp3.51dc18d7-e022-4f23-89ab-c1c55b71e286.Transcript.txt,01_09_2018,"There's no policy in front of us yet. We're still working on it. Based on the fact that we're having a discussion about affordable housing for poor people and now some of them say, oh, that would stop a development.",affordable housing
01_09_2018_buffalo_meeting_minutes.mp3.51dc18d7-e022-4f23-89ab-c1c55b71e286.Transcript.txt,01_09_2018,"Developers are saying, we're going to do it. These are the Nick Sinatras, the Paladinos that are now coming in our respective districts and say we're going to do affordable housing in your district. So it can work.",affordable housing
03_31_2020_buffalo_meeting_minutes.mp3.9f6cdc1c-766b-40a0-a489-0daf0eeb6ffc.Transcript.txt,03_31_2020,"We know that it came in as a late file. But during times like this, when we know that it's cold outside, that people need a place to stay,  This is a very, very important item. So I thank the administration for caring about the people of the city of Buffalo, especially those who will find themselves homeless during this time.",homeless
03_02_2022_buffalo_meeting_minutes.mp3.ad97dcf2-dd84-47ad-bb2c-4d5526eac69d.Transcript.txt,03_02_2022,"Be it youth, senior services, the homeless, we get out there and we do it. I'm so proud of them. We look forward to working hard again  as we did through the pandemic.",homeless
05_30_2017_buffalo_meeting_minutes.mp3.36de923d-d3d5-4823-9c1e-5129825e4a56.Transcript.txt,05_30_2017,"Second by Councilmember Wyatt. Item 45, Concerns Land Trust for Affordable Housing. Motion to send to ledge.",affordable housing
06_13_2023_buffalo_meeting_minutes.mp3.de5ae5c4-ca8a-437a-9110-1d7e2458d643.Transcript.txt,06_13_2023,"Second by Council Member Golombic. Miscellaneous, item number 73, affordable housing task. Motion to adopt.",affordable housing
05_16_2017_buffalo_meeting_minutes.mp3.edb72e93-b17a-4b63-9a06-2d98f3d440ca.Transcript.txt,05_16_2017,And I've talked to the developer on this because this is market rate housing with no affordable housing. The reason I'm pushing the approval or suggesting approval is because this was in the pipeline over a year ago before we started talking about inclusionary housing. So I don't think it would be fair on this property to then hold the developer to a standard that we were not talking about then.,affordable housing
05_16_2017_buffalo_meeting_minutes.mp3.edb72e93-b17a-4b63-9a06-2d98f3d440ca.Transcript.txt,05_16_2017,"I have since talked to the developer, and his name is public, Mr. Jambra, and asked him if it was possible in any way to include some affordable housing in this development. But what I did assure him, and I state this now and forever hold my peace until something changes, is that when city land is being sold for development,  I am going to do as much as I possibly can to encourage developers until there's an inclusionary zoning law to include some type of affordable or workforce housing in their development. I told them I was going to state this for the record, told the community last night, some of who are here, who were concerned about this development, who came to us even during the committees.",affordable housing
05_16_2017_buffalo_meeting_minutes.mp3.edb72e93-b17a-4b63-9a06-2d98f3d440ca.Transcript.txt,05_16_2017,"I just feel that when developers are going to do this type of project and they need something from the city,  As one of my colleagues here in City Hall say that they show the city some love. Some would say, hey, why? Well, if we don't do it, if we don't push for affordable housing and workplace housing, we will more than likely never get it.",affordable housing
05_16_2017_buffalo_meeting_minutes.mp3.edb72e93-b17a-4b63-9a06-2d98f3d440ca.Transcript.txt,05_16_2017,"And what Rocco said to me, let's work together, and this is what I like to hear from developers, let's work together, let's see what, if we need some type of tax break to make it happen, if we need it, and these are the type of projects I would push forward every dime we can get our hands on to keep  affordable housing in the city of Buffalo. Thank you, Mr. Chair. Thank you for your support on that.",affordable housing
05_16_2017_buffalo_meeting_minutes.mp3.edb72e93-b17a-4b63-9a06-2d98f3d440ca.Transcript.txt,05_16_2017,"That's one we discussed. That's for the affordable housing. I just, it just clicked.",affordable housing
07_11_2023_buffalo_meeting_minutes.mp3.3df4f9f9-5f77-45bf-879c-3d770a6bcd0a.Transcript.txt,07_11_2023,"Second by Council Member Rivera. Item number 19, OSP 2023-2024 Annual Action Plan. Okay, I'm going to motion to approve, but I was told that I'm going to get additional information regarding the demolitions of 480,000, a detailed list of where those demolitions are going to occur for some affordable housing.",affordable housing
07_27_2023_buffalo_meeting_minutes.mp3.8f1bfb82-f57d-4afa-a8c3-bedd0c74387b.Transcript.txt,07_27_2023,"I think we...  might be able to put it in. However, I also have concerns, any money that is not spent for any categories for that matter. There are a number of categories from health to  first line arts, health equity, affordable housing.",affordable housing
05_12_2020_buffalo_meeting_minutes.mp3.45c85b6a-0202-440f-a53b-0170775f2942.Transcript.txt,05_12_2020,"In Chapter 3, these verses... The thought of my suffering and homelessness is bitter beyond words. I'll never forget this awful time as I grieve over my loss.",homelessness
05_12_2020_buffalo_meeting_minutes.mp3.45c85b6a-0202-440f-a53b-0170775f2942.Transcript.txt,05_12_2020,"Therefore, I hope in him. What a contrast between the bitterness, the suffering, the homelessness, the awful times, the grief, the loss, but then comes the point of hope, the point of a better tomorrow. As one of the television stations says right now, this too shall pass.",homelessness
04_19_2022_buffalo_meeting_minutes.mp3.775ccd7f-92c5-4e7f-9335-81174fdb1a9a.Transcript.txt,04_19_2022,"And the city commissioned this to make city welcoming, to make sure that many of the needs of the new Americans, the new residents that are here,  received the assistance, whether it was employment, affordable housing, secure housing, policing, language, access, translation, interpretation, health,  health, making sure that people understood how government worked for them. I think it's very important. And I just want to commend the administration for ensuring that this study was done.",affordable housing
09_15_2020_buffalo_meeting_minutes.mp3.81dbe770-9943-41b7-80a5-d867555d3983.Transcript.txt,09_15_2020,"Thank you Mr. Chair. and of course uh yvonne if it wasn't for yvonne a lot of people would not have affordable housing and it wouldn't be generated within our community um because yvonne works very hard with community groups so we're praying for her hearing another we continue to remember um  the men and women who may have given their life for the freedom of our country and others since our last meeting, and all of the names that have been called, we pause for a moment of silence. Thank you.",affordable housing
09_19_2023_buffalo_meeting_minutes.mp3.dfa74db7-f453-4303-8032-7173ea652239.Transcript.txt,09_19_2023,"Second by Councilmember Bowman. Miscellaneous. Item number 51, Affordable Housing Task Force.",affordable housing
07_11_2017_buffalo_meeting_minutes.mp3.7325088f-5590-4705-a8b3-9a597ddd044c.Transcript.txt,07_11_2017,"Second by President Proctor. Item 89, waive event fees for ECA outrace for homeless female veterans. Motion to approve.",homeless
06_27_2017_buffalo_meeting_minutes.mp3.10090d76-2de4-4d52-b33c-c884863fc989.Transcript.txt,06_27_2017,"So that you'll send this to the Affordable Housing Task Force, which is actively meeting. And I wanted you all to have it to be able to weigh in also. Because that way we'll get to good policy.",affordable housing
06_27_2017_buffalo_meeting_minutes.mp3.10090d76-2de4-4d52-b33c-c884863fc989.Transcript.txt,06_27_2017,"And so I think together, we work together, and I've said it before, with developers, with people, but also remembering that we do have an affordable housing problem. study that we've been promised. They're scheduling the release of that, and then that will show us the real numbers.",affordable housing
06_27_2017_buffalo_meeting_minutes.mp3.10090d76-2de4-4d52-b33c-c884863fc989.Transcript.txt,06_27_2017,"I mean, they're coming into this Common Council almost every meeting to show us future development. And the good thing about it, some of those developments are even showing us where affordable housing is working. And that is something we should also speak about, that we have developers that have come before us.",affordable housing
06_27_2017_buffalo_meeting_minutes.mp3.10090d76-2de4-4d52-b33c-c884863fc989.Transcript.txt,06_27_2017,"There have been people that have been contacted, and we know this, that have been questioned to say affordable housing or affordable inclusionary zoning is bad, and they have resisted doing that. And I stand up for those people that have resisted. So thank you once again and all our colleagues that have...  maintain an open mind and hopefully we can work through this complicated process.",affordable housing
06_27_2017_buffalo_meeting_minutes.mp3.10090d76-2de4-4d52-b33c-c884863fc989.Transcript.txt,06_27_2017,"You know, this is not a one-size-fits-all situation, but we must do something and we've been very patient  and patient and waiting. And as we continue to wait, there's people who are up here desperate for outcomes of affordable housing. So we can sit on the sideline and we can kind of, you know, Monday morning quarterback about this process, but we know that we've been pressing.",affordable housing
06_27_2017_buffalo_meeting_minutes.mp3.10090d76-2de4-4d52-b33c-c884863fc989.Transcript.txt,06_27_2017,"And why I am very encouraged by Ms. Howard's questionnaire, because it starts that conversation. And we have citizens who are not elected who are going to fill out that questionnaire, who each council member has had the opportunity to appoint to that affordable housing task force, and if you haven't, you still can. And so, very good.",affordable housing
06_27_2017_buffalo_meeting_minutes.mp3.10090d76-2de4-4d52-b33c-c884863fc989.Transcript.txt,06_27_2017,"Thank you. Council Member White, last word. I just want to say one thing, and I commend you for putting together the Affordable Housing Committee.",affordable housing
07_25_2023_buffalo_meeting_minutes.mp3.188fbd98-dde1-4fff-8bc7-66a8c89720d2.Transcript.txt,07_25_2023,"Community Services for Everyone has been in the community for 34 years. The majority of services we provide are in the City of Buffalo. We support many people with developmental disabilities, but we also support people without disabilities in the areas of employment, affordable housing, domestic violence,  We regularly are in a neighborhood and have someone call and say, hey, we hear you help people.",affordable housing
06_11_2024_buffalo_meeting_minutes.mp3.9397e110-aa6d-4a57-bb25-694ed8d3f637.Transcript.txt,06_11_2024,"And if you look at the tax rolls of where a large part of the tax base is driven, it's off those buildings. And then you go to cities around the world, they have thriving urban. dense downtowns that derive not only cultural attractions, but you have a multitude of mixed use housing options, especially in a housing crisis that we're facing here in the city of Buffalo because we don't have enough inventory.",housing crisis
04_16_2019_buffalo_meeting_minutes.mp3.54c2a739-0427-4185-9b8f-e16b32f97517.Transcript.txt,04_16_2019,"And this project, one of the things about this project that I am pleased with is the affordable housing component. Now, I want to be clear that if the developer had went with 485A, which they probably would have qualified, we would not have the control to be able to include the community benefits agreement, which when we looked at the research back to 97, the reason for this article heavily leaned on minority business â€“ opportunities in the project. The second thing is if we are ever going to change and make Buffalo more inclusive, and when I'm talking about that, I'm talking about economically in certain areas, there are going to probably have to be some benefits at times.",affordable housing
04_16_2019_buffalo_meeting_minutes.mp3.54c2a739-0427-4185-9b8f-e16b32f97517.Transcript.txt,04_16_2019,"This developer would not be able to get any tax break on every property, or the developer would have to come back to this council. And I want to be clear, and I want to be heard loud and clear. The affordable housing component is the only reason that I'm supporting this article at this point for this project.",affordable housing
04_16_2019_buffalo_meeting_minutes.mp3.54c2a739-0427-4185-9b8f-e16b32f97517.Transcript.txt,04_16_2019,"If a developer comes and asks for a market, full market rate, They need to pay for full market rate unless there's a reason we're becoming involved. But this one, from the beginning, I asked Montanti when they came to us, I ask because the people are asking for affordable housing and to see if there's a way that that could work. With Article 16, we do have that oversight and be able to monitor the project.",affordable housing
04_16_2019_buffalo_meeting_minutes.mp3.54c2a739-0427-4185-9b8f-e16b32f97517.Transcript.txt,04_16_2019,"Now, I asked the question from Brendan Mahaffey and from Scott, Bill. If the tax break, if the gap in the project, for instance, is $1 million, and these are just numbers I'm making up, and the developer is getting a $3 million tax break, to me that's not fair. This should only be to fill that gap so that the affordable housing.",affordable housing
04_16_2019_buffalo_meeting_minutes.mp3.54c2a739-0427-4185-9b8f-e16b32f97517.Transcript.txt,04_16_2019,"And so what I was told is we could ask for even more affordable housing in that project. And I intend to look at every dime to see and make sure that we are not making a making it just easy for a developer to say, hey, just give me a tax break. I'll just throw it out to the wind.",affordable housing
04_16_2019_buffalo_meeting_minutes.mp3.54c2a739-0427-4185-9b8f-e16b32f97517.Transcript.txt,04_16_2019,"I know one was out for 10 years, and you heard not a peep. Now when we're talking about affordable housing, Now the question is why do this for a fort? Why do this?",affordable housing
04_16_2019_buffalo_meeting_minutes.mp3.54c2a739-0427-4185-9b8f-e16b32f97517.Transcript.txt,04_16_2019,I want to see it used. There's some places in Fruitbelt that I want to see this article used. because we want to make sure we use every tool in the toolbox to keep affordable housing.,affordable housing
04_16_2019_buffalo_meeting_minutes.mp3.54c2a739-0427-4185-9b8f-e16b32f97517.Transcript.txt,04_16_2019,"Today we can possibly move this along, but going forward, the benefits, the public benefits, and I'm a big proponent, just as you are, many of us, on on the Common Council on Affordable Housing and the percentage, the MI, because we want to truly make it affordable for people that live and want to live in that area that wouldn't normally be able to live in that area. So that's something that my votes going forward would be predicated on those public benefits, and certainly the benefits to the developers themselves. We have to look very carefully because this is taxpayers' money that we're doling out, and we want to make sure there is a true public benefit to the community.",affordable housing
04_16_2019_buffalo_meeting_minutes.mp3.54c2a739-0427-4185-9b8f-e16b32f97517.Transcript.txt,04_16_2019,"After talking to Mr. Mahaffey yesterday for about 20 minutes, You know, I was inclined, I had a lot of questions about this, but after conversation with him, I will vote for this, the affordable housing component. There's a, the city owns a parking garage that we're going to sell to them. That this is not a tax break of any kind that has never come before us at this point.",affordable housing
04_16_2019_buffalo_meeting_minutes.mp3.54c2a739-0427-4185-9b8f-e16b32f97517.Transcript.txt,04_16_2019,"And we will have all of that information. There is a connection, though, between the tax break. seeking that and an understanding that this council very fairly looks upon the affordable housing aspect of this.",affordable housing
06_25_2024_buffalo_meeting_minutes.mp3.d120b336-35ed-42ad-82bd-2e47034c6699.Transcript.txt,06_25_2024,"We pray for the homeless, that this deliberative body will understand how we can address the need for everybody. To have a safe roof over their heads. We pray for those that are mentally ill, Lord.",homeless
03_30_2021_buffalo_meeting_minutes.mp3.a258c18e-16aa-4b22-a7a1-d974426ba5d5.Transcript.txt,03_30_2021,"But because of some internal issues, we didn't get it filed, but it is here now. I want to thank all the residents who stood up and got involved because there was something happening that Compass House was putting a facility for  children, homeless youth in their district. And some people on the surface might think that, why are we fighting against that?",homeless
03_30_2021_buffalo_meeting_minutes.mp3.a258c18e-16aa-4b22-a7a1-d974426ba5d5.Transcript.txt,03_30_2021,"Well, we're fighting because they weren't informed. So they wanted to open up a youth center or youth housing homeless shelter in their community without a single conversation to them, with them. And this has been going on, have been planned since September of last year.",homeless
05_21_2020_buffalo_meeting_minutes.mp3.a284e5c3-d482-4c4c-ac77-a22d47431ef0.Transcript.txt,05_21_2020,"So the reason I would be, if we heard absolutely nothing, if nothing changed, that we would come back to the table before July, I mean, before June 6th, would be because we'd be homeless, basically, is how I equate it. Then you have to make some different types of decisions. The second thing and final for me is that the same way that right now the administration isn't doing a loan package because they're waiting.",homeless
05_03_2022_buffalo_meeting_minutes.mp3.4024ef4d-793c-4c29-9ba7-ea46079a914e.Transcript.txt,05_03_2022,"And these are very large historic structures that house well over 200 units. And where we're at within the neighborhood is these buildings could have been sold off and been market rate apartments for $1,500 a pop. And I was thrilled that when Wynn had purchased and acquired these properties and having a commitment and being an affordable housing developer and making sure that folks that have lived there for generations are able to live in these buildings and live in them with dignity and security.",affordable housing
06_27_2023_buffalo_meeting_minutes.mp3.c674f078-33b2-44b6-b5c0-abd68676380f.Transcript.txt,06_27_2023,"majority of those are from Erie County and the majority of those are from the city of Buffalo. That work has evolved dramatically over the past 10, 15, 20 years, particularly as we receive more data information telling us how not only are LGBTQ young people at higher risk for suicide, homelessness, drug addiction, but particularly black LGBTQ young people are at even higher risks of suicide, homelessness, and drug addiction. And so by being able to be in the community, being able to be held up and recognized by our community leaders is really the most important thing that we can do so that they know that they're, as the Councilman pointed out, don't feel like there's something wrong with them.",homelessness
06_27_2023_buffalo_meeting_minutes.mp3.c674f078-33b2-44b6-b5c0-abd68676380f.Transcript.txt,06_27_2023,"Motion to send to CD items four through 19. Second by Council Member Bowman. On item four, this is the homeless shelter area.",homeless
05_14_2019_buffalo_meeting_minutes.mp3.1db25e73-4063-4b2f-94d3-d88a7b4d45ff.Transcript.txt,05_14_2019,"Now as much as we would like to say great job Mayor Brown for the economic development, the economic resurgence that we're experiencing here, there are some extraneous factors that we're facing and have to contend with as well. as it relates to the housing crisis that we're going through, as it relates to the displacement of folks living in their homes for 20, 30 years, who now, because of rental hikes and rental increases, have been displaced. I believe that housing should be a human right, as a lot of advocates have stated in the past, and that people should not have to live in their homes in fear of eviction or in fear of displacement.",housing crisis
